{"global_step":134,"epoch":0,"train/acc_step":0.546875,"train/loss_epoch":0.6142740845680237,"_wandb":{"runtime":41},"valid/precision_macro":0.6912751793861389,"examples":{"_type":"table-file","sha256":"91f6e347e7ecd02507aaae308eae951941a1290f1e97d62b6d4de16dc22ad454","size":1253,"artifact_path":"wandb-client-artifact://3pts4ad739yipz8q02nvibgnemzitfba1ycml26v77j0wx2x973cef97rdz8yfudgfyowsqew67rbr6znhl6m5hrh3r94rt08dvm8pwxy1n9r5530wua78dobfuk1scy/examples.table.json","_latest_artifact_path":"wandb-client-artifact://cq12t1pafrvdv8q3ftm0u7c0cmev3czzd5f6wmambjuor3uakq2479a5irsbrmtx7mcimrxzazcw6smr2yizalwekm6cibx0ffsxz7nczhcympabkedpfwuhyvg3qhz1:latest/examples.table.json","path":"media/table/examples_34_91f6e347e7ecd02507aa.table.json","ncols":3,"nrows":20},"train/acc_epoch":0.7042450904846191,"valid/precision_micro":0.6912751793861389,"valid/acc":0.6912751793861389,"_runtime":41.4352,"valid/recall_micro":1,"train/loss_step":0.7325398921966553,"valid/loss_step":0.5046428442001343,"valid/loss_epoch":0.6182461380958557,"_step":35,"trainer/global_step":133,"valid/recall_macro":1,"conf_table":{"_type":"table-file","sha256":"64d53b227faa1d9af28f0039b25e56adeb64e665247c693173315a44082c2d85","size":182,"artifact_path":"wandb-client-artifact://29wessx1uzjhjamx4sjkzl2ejfz0p5kj6m7bvdoy8enjlsghcsmxh6qp7ra44i01l32en4w0b8i4md1zh7ftcdzfqyjtwxehc07hh9sh0qsvaszm24au6g9gq96jlf8c/conf_table.table.json","_latest_artifact_path":"wandb-client-artifact://9idejijjo62cn2ikybjs5r4nqu2v3278r3l725f3hx313wpv6icp845lmbttresr8y6gjv8q0xgdad1m8bwzxsyjr485ckll5cd6c3oy2uzu8whjrwg0ceqhfo0dkf61:latest/conf_table.table.json","path":"media/table/conf_table_32_64d53b227faa1d9af28f.table.json","ncols":3,"nrows":4},"valid/f1":0.8158162832260132,"_timestamp":1.729123611654729e+09}