{"train/acc_epoch":0.7035434246063232,"valid/recall_macro":1,"train/loss_step":0.5690232515335083,"valid/f1":0.8158162832260132,"trainer/global_step":133,"global_step":134,"examples":{"size":1253,"artifact_path":"wandb-client-artifact://c37o3rhamtr2cqjpoi7i95tz66fhmhynx98xluoxqvfumq6carxaa9dqytmj7p1kt6ffq5kl80xhst3txy55i5ljbixb40q7upz7p09nuknebskzjdzl9uumi1rufwef/examples.table.json","_latest_artifact_path":"wandb-client-artifact://u2tjipnpjw50l47cp6hvie5go49y8ogeu7xpsgi06ags5bkwzcwk9cfdcfespfua4nmopaofqoprjom56t9dxtl6mftu8byq7zuuth4840u6xicbdi4ygxm880dlnwjr:latest/examples.table.json","path":"media/table/examples_34_91f6e347e7ecd02507aa.table.json","ncols":3,"nrows":20,"_type":"table-file","sha256":"91f6e347e7ecd02507aaae308eae951941a1290f1e97d62b6d4de16dc22ad454"},"train/loss_epoch":0.6098639369010925,"valid/recall_micro":1,"valid/loss_step":0.48497259616851807,"valid/precision_micro":0.6912751793861389,"valid/loss_epoch":0.6175758242607117,"_wandb":{"runtime":40},"epoch":0,"train/acc_step":0.75,"valid/precision_macro":0.6912751793861389,"conf_table":{"_type":"table-file","sha256":"64d53b227faa1d9af28f0039b25e56adeb64e665247c693173315a44082c2d85","size":182,"artifact_path":"wandb-client-artifact://guqk4zlphz9nh29gcb9nuo4ynried0n6b27fpdmpjgbs3xsb2ukdqvkfzgamir912wbb8cecr4w7l4h1nsj6jr5p2jx94y8cm8lofks76t68nnsai19i902eemr3y9fm/conf_table.table.json","_latest_artifact_path":"wandb-client-artifact://3nrfzfrndpumm1syy1z9feeb25im8hzglt3ojxrpo2p34yk2djx77x148x420mnhcx650loeg14lq8624p3cgvcozpb39yquw1wp3k0vrlu21lpj6cbgzbjxsk91oz1g:latest/conf_table.table.json","path":"media/table/conf_table_32_64d53b227faa1d9af28f.table.json","ncols":3,"nrows":4},"_runtime":40.2603682,"_timestamp":1.7285118718513014e+09,"valid/acc":0.6912751793861389,"_step":35}