{"valid/loss_step":0.4838022291660309,"_wandb":{"runtime":40},"_runtime":40.3320568,"_step":35,"valid/recall_macro":1,"valid/acc":0.6912751793861389,"global_step":134,"valid/loss_epoch":0.6196980476379395,"examples":{"artifact_path":"wandb-client-artifact://bfgrv6i0x4nbtm7v8czyc2v8ypg8jwplcfuxet5wryal4d0fzixfkx87pww65xhtn7i1ty2797a9kdqd1vyeus9whrn4cw5qat5y96qxacf4g96vvw6pf5gxkzyy0pg7/examples.table.json","_latest_artifact_path":"wandb-client-artifact://u5zgd10e3cn2kv1ja1rtyrqts87zd3vej356yruwxjnveot0j9ddy5rr2im3axuqa2texelwzj23s3qpek7xh1qn5khv652ra2300w815t01pjw6voawzejwtigs3v8g:latest/examples.table.json","path":"media/table/examples_34_91f6e347e7ecd02507aa.table.json","ncols":3,"nrows":20,"_type":"table-file","sha256":"91f6e347e7ecd02507aaae308eae951941a1290f1e97d62b6d4de16dc22ad454","size":1253},"train/loss_epoch":0.6349829435348511,"trainer/global_step":133,"train/acc_epoch":0.6498655080795288,"epoch":0,"valid/precision_micro":0.6912751793861389,"train/loss_step":0.509367823600769,"conf_table":{"path":"media/table/conf_table_32_64d53b227faa1d9af28f.table.json","ncols":3,"nrows":4,"_type":"table-file","sha256":"64d53b227faa1d9af28f0039b25e56adeb64e665247c693173315a44082c2d85","size":182,"artifact_path":"wandb-client-artifact://m9lqwml2g7qvn57hsldvbnkovy84xoq9hflyivtanfvwzwqphteyqam7a1sf62cks4doqlr823x7mvzk9g4orp03225l6gdrjesv840x5hvq5mj4pxltdtzhu1jhruwl/conf_table.table.json","_latest_artifact_path":"wandb-client-artifact://bh287ot3pym9fmcfm8v9is61om162xwmw7qjumxws79aenaply8pknwhgdzfhrq0q2d2dvvaz1ls5i6ff2jpg04bif8l3bs2crrgb5qimw9n1mqitaho8jo4qf5v0r2v:latest/conf_table.table.json"},"valid/recall_micro":1,"_timestamp":1.7285121939518461e+09,"train/acc_step":0.8125,"valid/precision_macro":0.6912751793861389,"valid/f1":0.8158162832260132}